idCita,servicio,precio,tiempo_de_servicio,fecha,hora,citas_totales,citas_canceladas,estado_de_la_cita
1,Tratamiento de sarna,400.0,180,28/03/2024,14,4,3,no
2,Corte de pelo,100.0,50,17/11/2024,13,8,2,si
3,Limpieza dental,320.0,130,11/03/2024,9,3,3,no
4,Limpieza dental,320.0,130,05/04/2024,11,8,4,si
5,Limpieza dental,320.0,130,18/06/2024,14,3,0,no
6,Baño,250.0,120,04/11/2024,15,6,0,no
7,Limpieza dental,320.0,130,06/02/2024,9,1,0,no
8,Corte de uñas,150.0,90,31/08/2024,9,3,0,si
9,Tratamiento de sarna,400.0,180,24/11/2024,9,9,0,no
10,Corte de pelo,100.0,50,30/06/2024,13,2,1,no
11,Corte de pelo,100.0,50,07/12/2024,12,9,4,no
12,Tratamiento de sarna,400.0,180,28/04/2024,14,3,0,si
13,Corte de uñas,150.0,90,31/11/2024,14,9,0,no
14,Baño,250.0,120,12/11/2024,14,7,3,si
15,Corte de pelo,100.0,50,03/10/2024,10,9,4,si
16,Baño,250.0,120,30/12/2024,15,4,3,si
17,Baño,250.0,120,29/04/2024,11,7,0,si
18,Corte de pelo,100.0,50,08/12/2024,11,5,4,no
19,Baño,250.0,120,20/01/2024,9,1,1,si
20,Tratamiento de sarna,400.0,180,21/07/2024,16,7,4,si
21,Limpieza dental,320.0,130,10/04/2024,10,7,2,si
22,Corte de pelo,100.0,50,24/07/2024,12,4,1,si
23,Limpieza dental,320.0,130,01/12/2024,10,5,1,si
24,Corte de pelo,100.0,50,17/10/2024,10,9,0,si
25,Corte de uñas,150.0,90,18/06/2024,11,7,1,si
26,Limpieza dental,320.0,130,09/02/2024,13,1,1,si
27,Corte de pelo,100.0,50,20/10/2024,9,1,1,no
28,Baño,250.0,120,22/04/2024,16,4,1,no
29,Limpieza dental,320.0,130,31/12/2024,13,6,1,si
30,Limpieza dental,320.0,130,27/04/2024,15,8,2,no
31,Limpieza dental,320.0,130,16/10/2024,14,1,1,no
32,Corte de pelo,100.0,50,17/11/2024,16,9,0,si
33,Baño,250.0,120,18/08/2024,11,1,1,no
34,Baño,250.0,120,11/09/2024,10,2,2,no
35,Baño,250.0,120,18/05/2024,9,5,3,no
36,Corte de pelo,100.0,50,04/08/2024,12,1,0,no
37,Corte de uñas,150.0,90,08/11/2024,12,3,3,si
38,Tratamiento de sarna,400.0,180,10/09/2024,10,5,0,si
39,Limpieza dental,320.0,130,30/10/2024,13,9,1,si
40,Limpieza dental,320.0,130,04/05/2024,16,3,2,no
41,Corte de uñas,150.0,90,08/02/2024,13,3,0,no
42,Tratamiento de sarna,400.0,180,17/06/2024,9,8,2,no
43,Corte de uñas,150.0,90,03/11/2024,14,7,2,no
44,Corte de pelo,100.0,50,05/01/2024,11,4,3,si
45,Corte de pelo,100.0,50,30/04/2024,13,3,3,no
46,Tratamiento de sarna,400.0,180,27/07/2024,12,7,3,no
47,Corte de pelo,100.0,50,05/04/2024,12,6,3,si
48,Tratamiento de sarna,400.0,180,07/01/2024,16,5,4,si
49,Baño,250.0,120,01/04/2024,12,4,4,si
50,Tratamiento de sarna,400.0,180,18/11/2024,14,4,3,no
51,Baño,250.0,120,24/07/2024,13,8,2,no
52,Corte de uñas,150.0,90,23/10/2024,10,5,1,no
53,Corte de uñas,150.0,90,22/06/2024,15,5,4,si
54,Corte de pelo,100.0,50,06/12/2024,13,6,1,no
55,Baño,250.0,120,24/02/2024,13,5,2,no
56,Baño,250.0,120,28/08/2024,9,2,2,no
57,Baño,250.0,120,20/12/2024,11,2,0,si
58,Baño,250.0,120,15/04/2024,14,8,0,no
59,Limpieza dental,320.0,130,28/05/2024,13,1,1,no
60,Limpieza dental,320.0,130,23/12/2024,13,1,1,si
61,Corte de uñas,150.0,90,09/08/2024,16,6,0,no
62,Limpieza dental,320.0,130,25/01/2024,11,8,3,no
63,Corte de pelo,100.0,50,30/04/2024,16,1,1,no
64,Limpieza dental,320.0,130,29/06/2024,12,6,3,si
65,Tratamiento de sarna,400.0,180,03/07/2024,14,3,2,no
66,Baño,250.0,120,27/12/2024,16,1,1,si
67,Corte de uñas,150.0,90,31/12/2024,11,8,4,no
68,Tratamiento de sarna,400.0,180,18/07/2024,15,6,3,no
69,Limpieza dental,320.0,130,29/08/2024,13,1,1,si
70,Tratamiento de sarna,400.0,180,16/05/2024,10,4,0,si
71,Tratamiento de sarna,400.0,180,17/12/2024,9,6,2,no
72,Tratamiento de sarna,400.0,180,09/08/2024,16,4,4,no
73,Limpieza dental,320.0,130,28/03/2024,9,3,3,no
74,Tratamiento de sarna,400.0,180,24/01/2024,11,3,2,si
75,Tratamiento de sarna,400.0,180,13/02/2024,11,1,1,no
76,Tratamiento de sarna,400.0,180,08/07/2024,12,9,2,si
77,Corte de pelo,100.0,50,13/06/2024,9,4,4,si
78,Tratamiento de sarna,400.0,180,01/10/2024,11,7,4,no
79,Limpieza dental,320.0,130,21/05/2024,15,5,0,si
80,Corte de uñas,150.0,90,12/09/2024,14,4,1,no
81,Corte de pelo,100.0,50,12/08/2024,13,5,3,si
82,Baño,250.0,120,30/09/2024,13,2,2,no
83,Baño,250.0,120,09/07/2024,10,1,0,si
84,Limpieza dental,320.0,130,01/02/2024,15,2,2,si
85,Corte de pelo,100.0,50,21/05/2024,14,2,2,si
86,Corte de pelo,100.0,50,14/11/2024,10,8,4,si
87,Baño,250.0,120,29/09/2024,14,3,3,si
88,Corte de uñas,150.0,90,14/06/2024,11,8,3,si
89,Tratamiento de sarna,400.0,180,06/02/2024,12,1,1,no
90,Corte de uñas,150.0,90,16/07/2024,12,2,2,si
91,Corte de pelo,100.0,50,30/11/2024,12,9,2,no
92,Limpieza dental,320.0,130,08/03/2024,14,1,1,si
93,Corte de uñas,150.0,90,19/11/2024,12,4,1,si
94,Corte de uñas,150.0,90,05/12/2024,9,6,0,si
95,Corte de pelo,100.0,50,15/08/2024,16,2,2,no
96,Baño,250.0,120,13/11/2024,15,3,1,si
97,Corte de pelo,100.0,50,26/11/2024,14,2,2,no
98,Corte de uñas,150.0,90,24/06/2024,14,5,2,no
99,Corte de uñas,150.0,90,06/08/2024,12,8,4,no
100,Limpieza dental,320.0,130,17/10/2024,10,9,3,si
101,Corte de uñas,150.0,90,05/07/2024,14,5,2,no
102,Limpieza dental,320.0,130,10/07/2024,10,5,3,si
103,Corte de uñas,150.0,90,05/04/2024,14,7,3,si
104,Baño,250.0,120,17/10/2024,9,6,4,no
105,Corte de uñas,150.0,90,19/10/2024,11,2,2,si
106,Limpieza dental,320.0,130,06/11/2024,13,1,1,no
107,Limpieza dental,320.0,130,31/04/2024,16,2,1,no
108,Limpieza dental,320.0,130,22/05/2024,16,1,1,si
109,Corte de uñas,150.0,90,15/05/2024,10,4,0,no
110,Limpieza dental,320.0,130,04/02/2024,10,6,1,si
111,Tratamiento de sarna,400.0,180,17/04/2024,16,6,2,no
112,Baño,250.0,120,01/10/2024,14,7,1,si
113,Corte de uñas,150.0,90,18/06/2024,9,3,3,si
114,Limpieza dental,320.0,130,26/02/2024,10,6,0,no
115,Baño,250.0,120,10/10/2024,13,8,4,no
116,Corte de uñas,150.0,90,19/08/2024,15,6,0,si
117,Baño,250.0,120,02/06/2024,9,9,1,no
118,Tratamiento de sarna,400.0,180,17/05/2024,12,2,0,si
119,Corte de uñas,150.0,90,18/11/2024,12,6,2,si
120,Limpieza dental,320.0,130,13/03/2024,12,9,3,no
121,Corte de pelo,100.0,50,07/01/2024,13,2,2,si
122,Limpieza dental,320.0,130,29/09/2024,11,5,2,si
123,Corte de uñas,150.0,90,20/08/2024,16,1,1,si
124,Limpieza dental,320.0,130,05/02/2024,10,3,3,no
125,Corte de pelo,100.0,50,04/02/2024,13,1,1,si
126,Corte de pelo,100.0,50,07/02/2024,11,8,3,no
127,Corte de pelo,100.0,50,05/10/2024,9,4,1,si
128,Limpieza dental,320.0,130,31/08/2024,13,9,0,si
129,Corte de uñas,150.0,90,19/05/2024,15,8,3,no
130,Limpieza dental,320.0,130,20/09/2024,9,8,1,si
131,Corte de pelo,100.0,50,07/07/2024,16,9,2,si
132,Tratamiento de sarna,400.0,180,13/02/2024,11,2,2,si
133,Corte de pelo,100.0,50,04/03/2024,13,9,2,no
134,Corte de pelo,100.0,50,15/09/2024,10,1,1,no
135,Corte de uñas,150.0,90,30/05/2024,11,8,1,si
136,Limpieza dental,320.0,130,20/12/2024,10,8,2,si
137,Corte de uñas,150.0,90,29/08/2024,9,7,1,no
138,Limpieza dental,320.0,130,25/10/2024,10,6,4,no
139,Corte de pelo,100.0,50,18/11/2024,15,9,3,no
140,Corte de pelo,100.0,50,04/09/2024,13,6,1,si
141,Corte de pelo,100.0,50,30/09/2024,15,5,0,si
142,Limpieza dental,320.0,130,28/04/2024,13,1,1,si
143,Corte de pelo,100.0,50,04/03/2024,12,2,2,no
144,Corte de uñas,150.0,90,02/06/2024,16,9,0,no
145,Corte de uñas,150.0,90,22/07/2024,16,1,1,no
146,Corte de pelo,100.0,50,20/05/2024,14,4,0,no
147,Tratamiento de sarna,400.0,180,23/06/2024,10,8,3,no
148,Limpieza dental,320.0,130,28/08/2024,12,4,2,no
149,Tratamiento de sarna,400.0,180,05/12/2024,15,8,2,no
150,Corte de pelo,100.0,50,25/11/2024,11,6,4,si
151,Tratamiento de sarna,400.0,180,22/10/2024,9,4,0,si
152,Limpieza dental,320.0,130,08/01/2024,11,9,3,si
153,Limpieza dental,320.0,130,11/04/2024,15,4,1,no
154,Tratamiento de sarna,400.0,180,11/06/2024,14,2,2,no
155,Baño,250.0,120,30/06/2024,15,4,1,no
156,Limpieza dental,320.0,130,18/08/2024,15,4,2,si
157,Corte de pelo,100.0,50,30/09/2024,9,1,1,no
158,Corte de pelo,100.0,50,30/01/2024,16,8,3,si
159,Corte de pelo,100.0,50,27/12/2024,16,3,0,si
160,Baño,250.0,120,25/12/2024,14,1,1,si
161,Corte de pelo,100.0,50,19/03/2024,10,7,3,no
162,Tratamiento de sarna,400.0,180,17/07/2024,13,7,0,si
163,Baño,250.0,120,01/06/2024,10,8,0,si
164,Limpieza dental,320.0,130,05/02/2024,9,8,3,no
165,Baño,250.0,120,03/11/2024,16,2,2,no
166,Corte de pelo,100.0,50,28/06/2024,12,3,3,si
167,Corte de pelo,100.0,50,14/02/2024,9,9,1,si
168,Tratamiento de sarna,400.0,180,02/10/2024,12,6,4,no
169,Limpieza dental,320.0,130,28/03/2024,11,2,2,no
170,Limpieza dental,320.0,130,03/04/2024,15,8,2,si
171,Baño,250.0,120,03/01/2024,16,4,3,si
172,Corte de pelo,100.0,50,20/04/2024,13,2,2,no
173,Corte de pelo,100.0,50,21/01/2024,11,7,3,no
174,Baño,250.0,120,27/02/2024,15,9,4,no
175,Corte de uñas,150.0,90,13/12/2024,16,3,2,no
176,Corte de pelo,100.0,50,31/03/2024,10,8,3,si
177,Limpieza dental,320.0,130,08/03/2024,14,9,1,si
178,Baño,250.0,120,22/04/2024,12,7,2,no
179,Baño,250.0,120,14/05/2024,12,9,0,si
180,Tratamiento de sarna,400.0,180,18/12/2024,11,6,1,no
181,Corte de pelo,100.0,50,27/06/2024,13,1,1,si
182,Corte de pelo,100.0,50,20/09/2024,13,1,1,si
183,Limpieza dental,320.0,130,13/06/2024,11,5,3,no
184,Corte de uñas,150.0,90,18/02/2024,15,7,1,no
185,Limpieza dental,320.0,130,01/07/2024,13,1,0,no
186,Corte de uñas,150.0,90,02/02/2024,10,5,3,si
187,Tratamiento de sarna,400.0,180,05/10/2024,14,3,0,no
188,Limpieza dental,320.0,130,11/07/2024,9,3,0,no
189,Limpieza dental,320.0,130,11/02/2024,16,5,2,si
190,Corte de pelo,100.0,50,01/06/2024,12,8,1,si
191,Limpieza dental,320.0,130,31/07/2024,15,2,1,si
192,Corte de pelo,100.0,50,29/03/2024,14,7,1,si
193,Tratamiento de sarna,400.0,180,27/03/2024,12,5,4,si
194,Corte de uñas,150.0,90,03/12/2024,12,7,1,no
195,Limpieza dental,320.0,130,29/10/2024,16,9,3,no
196,Tratamiento de sarna,400.0,180,02/03/2024,9,7,3,no
197,Corte de pelo,100.0,50,14/09/2024,15,3,1,si
198,Corte de uñas,150.0,90,20/07/2024,15,8,3,no
199,Limpieza dental,320.0,130,16/04/2024,10,5,2,si
200,Limpieza dental,320.0,130,18/05/2024,16,1,1,si
201,Baño,250.0,120,05/11/2024,11,2,2,si
202,Limpieza dental,320.0,130,08/02/2024,13,7,0,si
203,Tratamiento de sarna,400.0,180,22/07/2024,13,5,0,no
204,Limpieza dental,320.0,130,07/07/2024,9,1,1,si
205,Limpieza dental,320.0,130,10/09/2024,12,1,1,no
206,Baño,250.0,120,16/09/2024,13,3,1,no
207,Baño,250.0,120,19/09/2024,16,8,2,no
208,Baño,250.0,120,30/06/2024,11,7,4,si
209,Limpieza dental,320.0,130,22/03/2024,13,7,3,si
210,Corte de uñas,150.0,90,29/03/2024,12,8,3,no
211,Corte de uñas,150.0,90,11/06/2024,14,8,0,no
212,Tratamiento de sarna,400.0,180,19/10/2024,15,1,1,si
213,Limpieza dental,320.0,130,03/06/2024,11,5,0,no
214,Baño,250.0,120,30/05/2024,12,2,2,si
215,Corte de uñas,150.0,90,18/11/2024,12,5,0,no
216,Limpieza dental,320.0,130,04/12/2024,15,6,2,no
217,Baño,250.0,120,25/02/2024,16,1,1,si
218,Tratamiento de sarna,400.0,180,20/11/2024,9,7,2,si
219,Corte de uñas,150.0,90,17/12/2024,12,5,0,no
220,Corte de uñas,150.0,90,24/02/2024,11,5,4,si
221,Corte de pelo,100.0,50,13/09/2024,9,2,0,si
222,Baño,250.0,120,04/09/2024,16,8,3,no
223,Corte de pelo,100.0,50,14/04/2024,9,1,1,no
224,Tratamiento de sarna,400.0,180,25/01/2024,16,2,2,si
225,Corte de pelo,100.0,50,03/12/2024,15,3,2,si
226,Limpieza dental,320.0,130,21/10/2024,11,9,1,no
227,Corte de uñas,150.0,90,04/03/2024,9,8,2,si
228,Corte de pelo,100.0,50,18/10/2024,11,9,2,si
229,Corte de pelo,100.0,50,13/04/2024,15,1,1,no
230,Baño,250.0,120,07/07/2024,13,1,1,no
231,Baño,250.0,120,11/05/2024,9,1,1,si
232,Corte de pelo,100.0,50,11/08/2024,15,3,3,si
233,Limpieza dental,320.0,130,06/06/2024,13,7,2,no
234,Corte de pelo,100.0,50,11/06/2024,9,9,4,no
235,Limpieza dental,320.0,130,09/04/2024,12,4,3,si
236,Corte de pelo,100.0,50,16/09/2024,14,8,2,si
237,Tratamiento de sarna,400.0,180,28/12/2024,15,4,3,si
238,Tratamiento de sarna,400.0,180,05/08/2024,11,4,1,si
239,Corte de pelo,100.0,50,20/11/2024,12,6,2,no
240,Baño,250.0,120,23/02/2024,15,6,0,si
241,Limpieza dental,320.0,130,06/12/2024,15,5,4,si
242,Tratamiento de sarna,400.0,180,04/08/2024,15,9,2,no
243,Limpieza dental,320.0,130,31/06/2024,13,3,2,no
244,Corte de uñas,150.0,90,08/11/2024,11,9,0,no
245,Baño,250.0,120,25/05/2024,11,6,3,no
246,Baño,250.0,120,25/12/2024,14,8,4,no
247,Corte de uñas,150.0,90,16/01/2024,16,6,0,si
248,Baño,250.0,120,16/06/2024,16,5,4,no
249,Tratamiento de sarna,400.0,180,11/12/2024,13,5,2,no
250,Corte de uñas,150.0,90,20/11/2024,11,8,4,si
251,Tratamiento de sarna,400.0,180,14/12/2024,15,9,3,si
252,Tratamiento de sarna,400.0,180,08/08/2024,11,9,1,no
253,Corte de uñas,150.0,90,25/12/2024,15,6,4,si
254,Limpieza dental,320.0,130,06/09/2024,9,7,1,si
255,Limpieza dental,320.0,130,08/12/2024,10,7,3,no
256,Baño,250.0,120,19/02/2024,12,4,0,no
257,Corte de uñas,150.0,90,08/07/2024,10,7,4,no
258,Tratamiento de sarna,400.0,180,29/12/2024,11,1,1,no
259,Limpieza dental,320.0,130,25/11/2024,14,6,4,si
260,Limpieza dental,320.0,130,01/07/2024,14,7,4,no
261,Baño,250.0,120,13/10/2024,16,6,1,si
262,Baño,250.0,120,08/01/2024,10,5,3,si
263,Baño,250.0,120,21/03/2024,14,4,1,no
264,Baño,250.0,120,09/09/2024,14,1,1,si
265,Corte de uñas,150.0,90,31/07/2024,9,6,2,no
266,Corte de pelo,100.0,50,16/07/2024,13,2,0,si
267,Limpieza dental,320.0,130,21/12/2024,13,6,0,no
268,Baño,250.0,120,05/12/2024,10,2,2,si
269,Tratamiento de sarna,400.0,180,11/04/2024,9,2,2,no
270,Limpieza dental,320.0,130,17/05/2024,14,9,1,no
271,Baño,250.0,120,21/05/2024,14,8,3,si
272,Baño,250.0,120,27/05/2024,13,4,2,no
273,Corte de uñas,150.0,90,09/02/2024,15,6,2,no
274,Corte de pelo,100.0,50,17/05/2024,10,3,1,si
275,Corte de pelo,100.0,50,15/12/2024,10,7,2,si
276,Corte de uñas,150.0,90,01/04/2024,12,4,1,si
277,Tratamiento de sarna,400.0,180,31/09/2024,9,9,1,si
278,Corte de pelo,100.0,50,21/11/2024,12,5,1,si
279,Tratamiento de sarna,400.0,180,24/11/2024,10,9,1,no
280,Limpieza dental,320.0,130,16/10/2024,12,1,1,si
281,Limpieza dental,320.0,130,13/03/2024,14,9,2,no
282,Corte de pelo,100.0,50,20/02/2024,12,5,3,no
283,Corte de pelo,100.0,50,24/08/2024,10,1,0,si
284,Limpieza dental,320.0,130,24/09/2024,13,6,3,no
285,Limpieza dental,320.0,130,03/04/2024,16,6,1,no
286,Corte de pelo,100.0,50,28/04/2024,16,3,3,no
287,Limpieza dental,320.0,130,14/10/2024,11,5,3,no
288,Corte de pelo,100.0,50,03/01/2024,15,9,4,no
289,Corte de uñas,150.0,90,18/08/2024,13,9,4,si
290,Baño,250.0,120,24/08/2024,14,5,2,no
291,Corte de pelo,100.0,50,28/06/2024,15,2,1,no
292,Tratamiento de sarna,400.0,180,14/04/2024,9,9,0,si
293,Corte de pelo,100.0,50,17/12/2024,13,9,0,no
294,Limpieza dental,320.0,130,24/08/2024,14,9,0,no
295,Tratamiento de sarna,400.0,180,31/09/2024,10,4,0,no
296,Tratamiento de sarna,400.0,180,06/06/2024,12,4,0,si
297,Baño,250.0,120,26/06/2024,16,3,3,si
298,Corte de pelo,100.0,50,08/02/2024,9,6,4,si
299,Corte de uñas,150.0,90,02/08/2024,9,8,4,no
300,Tratamiento de sarna,400.0,180,18/07/2024,9,6,1,no
301,Tratamiento de sarna,400.0,180,03/02/2024,12,9,3,si
302,Corte de uñas,150.0,90,29/09/2024,15,8,2,si
303,Tratamiento de sarna,400.0,180,21/11/2024,14,1,1,no
304,Limpieza dental,320.0,130,02/02/2024,13,3,1,no
305,Corte de uñas,150.0,90,05/03/2024,16,8,1,no
306,Limpieza dental,320.0,130,22/01/2024,12,4,2,no
307,Corte de pelo,100.0,50,09/03/2024,14,6,0,no
308,Corte de pelo,100.0,50,29/12/2024,11,2,1,no
309,Corte de pelo,100.0,50,19/11/2024,9,6,3,si
310,Limpieza dental,320.0,130,02/05/2024,10,2,2,si
311,Tratamiento de sarna,400.0,180,23/05/2024,12,2,2,no
312,Tratamiento de sarna,400.0,180,04/09/2024,15,3,1,si
313,Corte de uñas,150.0,90,17/05/2024,9,5,1,no
314,Corte de uñas,150.0,90,04/08/2024,16,4,1,si
315,Tratamiento de sarna,400.0,180,26/06/2024,12,2,1,si
316,Baño,250.0,120,06/03/2024,14,2,2,no
317,Limpieza dental,320.0,130,02/04/2024,12,3,2,no
318,Limpieza dental,320.0,130,04/01/2024,13,9,2,no
319,Limpieza dental,320.0,130,08/08/2024,12,2,1,no
320,Baño,250.0,120,02/10/2024,14,8,3,no
321,Corte de uñas,150.0,90,02/12/2024,10,9,2,no
322,Corte de uñas,150.0,90,08/07/2024,11,3,3,no
323,Limpieza dental,320.0,130,26/10/2024,11,7,1,no
324,Corte de uñas,150.0,90,05/09/2024,12,6,1,si
325,Limpieza dental,320.0,130,14/02/2024,16,2,2,si
326,Tratamiento de sarna,400.0,180,13/12/2024,12,7,1,no
327,Tratamiento de sarna,400.0,180,19/08/2024,15,3,3,no
328,Corte de uñas,150.0,90,28/07/2024,15,6,1,si
329,Baño,250.0,120,01/09/2024,12,7,0,si
330,Corte de uñas,150.0,90,12/05/2024,11,2,2,no
331,Corte de pelo,100.0,50,20/04/2024,14,6,1,si
332,Limpieza dental,320.0,130,03/06/2024,15,9,1,no
333,Corte de pelo,100.0,50,14/11/2024,14,5,4,no
334,Corte de uñas,150.0,90,05/03/2024,12,7,0,no
335,Tratamiento de sarna,400.0,180,17/01/2024,14,6,4,no
336,Limpieza dental,320.0,130,17/02/2024,13,7,3,si
337,Corte de uñas,150.0,90,11/05/2024,12,1,1,no
338,Baño,250.0,120,26/11/2024,10,3,0,no
339,Corte de uñas,150.0,90,12/01/2024,10,6,1,si
340,Baño,250.0,120,04/12/2024,11,7,4,no
341,Tratamiento de sarna,400.0,180,09/06/2024,10,3,2,si
342,Baño,250.0,120,20/09/2024,11,2,0,no
343,Corte de pelo,100.0,50,15/04/2024,14,5,4,no
344,Corte de pelo,100.0,50,01/10/2024,10,9,4,si
345,Corte de pelo,100.0,50,21/02/2024,11,9,0,si
346,Corte de pelo,100.0,50,21/06/2024,9,4,2,no
347,Corte de pelo,100.0,50,01/11/2024,10,8,3,si
348,Baño,250.0,120,03/12/2024,14,3,3,no
349,Corte de pelo,100.0,50,12/12/2024,12,2,1,si
350,Limpieza dental,320.0,130,06/10/2024,11,2,1,no
351,Baño,250.0,120,22/01/2024,11,2,2,no
352,Tratamiento de sarna,400.0,180,25/09/2024,13,7,2,no
353,Baño,250.0,120,03/11/2024,16,4,0,si
354,Corte de uñas,150.0,90,30/02/2024,9,7,4,si
355,Tratamiento de sarna,400.0,180,30/07/2024,9,6,1,no
356,Corte de pelo,100.0,50,08/10/2024,14,5,3,no
357,Corte de pelo,100.0,50,13/08/2024,14,3,3,no
358,Corte de uñas,150.0,90,12/11/2024,15,8,0,no
359,Corte de pelo,100.0,50,20/02/2024,12,9,0,si
360,Tratamiento de sarna,400.0,180,29/05/2024,11,9,1,no
361,Tratamiento de sarna,400.0,180,23/12/2024,16,1,1,no
362,Tratamiento de sarna,400.0,180,02/10/2024,15,8,2,no
363,Baño,250.0,120,17/09/2024,9,9,0,no
364,Baño,250.0,120,19/11/2024,9,9,3,si
365,Tratamiento de sarna,400.0,180,19/12/2024,13,8,0,no
366,Baño,250.0,120,15/07/2024,14,5,0,no
367,Baño,250.0,120,22/08/2024,12,7,2,no
368,Limpieza dental,320.0,130,16/06/2024,16,7,0,no
369,Baño,250.0,120,16/08/2024,14,9,3,no
370,Limpieza dental,320.0,130,06/09/2024,12,4,2,no
371,Limpieza dental,320.0,130,02/11/2024,15,8,0,si
372,Baño,250.0,120,11/12/2024,9,9,1,si
373,Baño,250.0,120,03/12/2024,10,5,4,si
374,Baño,250.0,120,28/06/2024,13,3,0,no
375,Corte de pelo,100.0,50,09/02/2024,16,4,3,si
376,Limpieza dental,320.0,130,24/05/2024,10,1,1,no
377,Corte de pelo,100.0,50,20/08/2024,16,5,1,no
378,Tratamiento de sarna,400.0,180,16/09/2024,13,9,0,si
379,Baño,250.0,120,08/08/2024,16,1,0,si
380,Tratamiento de sarna,400.0,180,13/08/2024,10,5,0,no
381,Corte de pelo,100.0,50,30/10/2024,12,3,3,si
382,Limpieza dental,320.0,130,04/10/2024,14,7,2,si
383,Corte de uñas,150.0,90,02/01/2024,14,3,2,no
384,Baño,250.0,120,17/07/2024,14,3,1,no
385,Tratamiento de sarna,400.0,180,18/04/2024,11,3,3,no
386,Tratamiento de sarna,400.0,180,17/08/2024,12,8,4,si
387,Tratamiento de sarna,400.0,180,25/03/2024,16,7,1,si
388,Corte de pelo,100.0,50,25/07/2024,9,7,2,si
389,Corte de pelo,100.0,50,27/04/2024,10,1,1,no
390,Corte de uñas,150.0,90,06/06/2024,14,3,1,no
391,Corte de pelo,100.0,50,20/09/2024,9,2,1,si
392,Limpieza dental,320.0,130,27/10/2024,16,5,3,si
393,Limpieza dental,320.0,130,30/06/2024,12,7,0,si
394,Tratamiento de sarna,400.0,180,11/12/2024,16,4,2,si
395,Baño,250.0,120,20/01/2024,14,9,2,no
396,Tratamiento de sarna,400.0,180,18/11/2024,10,8,0,si
397,Limpieza dental,320.0,130,14/07/2024,13,6,4,si
398,Limpieza dental,320.0,130,01/10/2024,15,1,1,no
399,Limpieza dental,320.0,130,31/12/2024,11,3,3,no
400,Tratamiento de sarna,400.0,180,23/02/2024,14,2,0,si
401,Corte de uñas,150.0,90,02/05/2024,12,1,1,si
402,Baño,250.0,120,07/11/2024,12,6,3,no
403,Corte de uñas,150.0,90,10/08/2024,11,8,1,si
404,Corte de uñas,150.0,90,06/06/2024,12,4,2,si
405,Baño,250.0,120,13/03/2024,15,5,0,no
406,Limpieza dental,320.0,130,30/11/2024,10,5,3,no
407,Limpieza dental,320.0,130,11/07/2024,10,8,2,si
408,Tratamiento de sarna,400.0,180,24/05/2024,16,2,2,si
409,Tratamiento de sarna,400.0,180,17/12/2024,12,8,0,no
410,Corte de uñas,150.0,90,28/08/2024,15,8,2,si
411,Baño,250.0,120,18/04/2024,16,9,3,no
412,Baño,250.0,120,05/07/2024,10,6,4,no
413,Corte de pelo,100.0,50,29/12/2024,12,7,1,si
414,Corte de pelo,100.0,50,26/12/2024,16,2,1,no
415,Corte de uñas,150.0,90,15/08/2024,16,1,1,si
416,Tratamiento de sarna,400.0,180,14/12/2024,14,1,1,si
417,Limpieza dental,320.0,130,30/01/2024,12,1,0,no
418,Limpieza dental,320.0,130,22/07/2024,15,3,2,si
419,Corte de uñas,150.0,90,18/05/2024,13,4,3,si
420,Baño,250.0,120,30/03/2024,15,2,2,no
421,Corte de pelo,100.0,50,07/12/2024,15,7,3,si
422,Tratamiento de sarna,400.0,180,29/04/2024,11,5,4,no
423,Baño,250.0,120,11/03/2024,10,1,1,no
424,Tratamiento de sarna,400.0,180,06/11/2024,11,9,1,si
425,Tratamiento de sarna,400.0,180,05/01/2024,16,9,0,no
426,Corte de uñas,150.0,90,05/10/2024,14,7,2,si
427,Corte de pelo,100.0,50,21/06/2024,13,5,4,no
428,Corte de pelo,100.0,50,24/09/2024,15,6,1,no
429,Limpieza dental,320.0,130,19/02/2024,9,6,4,si
430,Baño,250.0,120,19/01/2024,12,8,2,si
431,Baño,250.0,120,23/10/2024,16,8,3,no
432,Corte de pelo,100.0,50,22/12/2024,15,4,0,si
433,Tratamiento de sarna,400.0,180,11/06/2024,16,6,1,si
434,Limpieza dental,320.0,130,12/12/2024,16,6,0,si
435,Limpieza dental,320.0,130,28/12/2024,16,5,2,no
436,Tratamiento de sarna,400.0,180,31/10/2024,10,1,1,no
437,Limpieza dental,320.0,130,28/12/2024,9,6,0,no
438,Tratamiento de sarna,400.0,180,15/11/2024,15,7,4,si
439,Limpieza dental,320.0,130,20/03/2024,9,8,0,no
440,Corte de pelo,100.0,50,17/02/2024,10,1,1,no
441,Limpieza dental,320.0,130,25/12/2024,16,9,4,no
442,Limpieza dental,320.0,130,30/11/2024,16,1,0,si
443,Baño,250.0,120,25/04/2024,14,8,0,si
444,Limpieza dental,320.0,130,02/01/2024,16,9,2,si
445,Tratamiento de sarna,400.0,180,09/12/2024,15,9,4,si
446,Corte de pelo,100.0,50,08/07/2024,15,5,0,no
447,Limpieza dental,320.0,130,06/01/2024,9,1,1,no
448,Corte de pelo,100.0,50,16/08/2024,14,4,2,si
449,Corte de pelo,100.0,50,24/10/2024,14,7,0,no
450,Limpieza dental,320.0,130,10/04/2024,15,9,2,no
451,Baño,250.0,120,21/12/2024,12,4,3,si
452,Corte de uñas,150.0,90,01/09/2024,14,5,0,no
453,Limpieza dental,320.0,130,24/05/2024,14,5,1,no
454,Corte de uñas,150.0,90,15/05/2024,12,5,3,si
455,Limpieza dental,320.0,130,03/06/2024,14,2,2,no
456,Corte de pelo,100.0,50,30/02/2024,12,4,4,no
457,Limpieza dental,320.0,130,20/07/2024,13,9,4,no
458,Corte de uñas,150.0,90,26/09/2024,9,9,2,si
459,Corte de pelo,100.0,50,22/07/2024,12,4,4,no
460,Limpieza dental,320.0,130,05/11/2024,13,3,3,si
461,Baño,250.0,120,01/02/2024,12,2,1,no
462,Tratamiento de sarna,400.0,180,28/05/2024,12,5,3,si
463,Limpieza dental,320.0,130,27/05/2024,10,8,0,no
464,Baño,250.0,120,21/12/2024,12,7,3,si
465,Corte de uñas,150.0,90,06/10/2024,12,9,2,no
466,Baño,250.0,120,27/09/2024,12,1,1,si
467,Tratamiento de sarna,400.0,180,25/07/2024,12,2,2,no
468,Baño,250.0,120,18/03/2024,12,2,2,no
469,Limpieza dental,320.0,130,05/04/2024,15,4,1,si
470,Baño,250.0,120,25/09/2024,11,8,1,si
471,Limpieza dental,320.0,130,01/01/2024,11,9,3,si
472,Corte de uñas,150.0,90,18/06/2024,13,5,0,no
473,Tratamiento de sarna,400.0,180,18/09/2024,14,7,3,si
474,Baño,250.0,120,09/08/2024,13,3,1,no
475,Tratamiento de sarna,400.0,180,10/06/2024,13,7,1,no
476,Baño,250.0,120,05/07/2024,11,1,0,no
477,Tratamiento de sarna,400.0,180,31/06/2024,15,1,0,si
478,Baño,250.0,120,10/08/2024,14,3,2,no
479,Corte de uñas,150.0,90,13/12/2024,16,1,1,no
480,Corte de uñas,150.0,90,17/11/2024,13,6,1,no
481,Limpieza dental,320.0,130,04/05/2024,10,1,1,si
482,Baño,250.0,120,01/12/2024,16,5,0,no
483,Corte de uñas,150.0,90,15/12/2024,9,8,2,si
484,Corte de uñas,150.0,90,30/03/2024,10,8,2,si
485,Tratamiento de sarna,400.0,180,24/07/2024,9,2,1,no
486,Corte de uñas,150.0,90,01/07/2024,14,9,3,si
487,Corte de uñas,150.0,90,25/09/2024,9,7,3,si
488,Limpieza dental,320.0,130,29/02/2024,12,6,4,no
489,Corte de pelo,100.0,50,12/01/2024,13,2,2,si
490,Tratamiento de sarna,400.0,180,02/06/2024,15,6,1,si
491,Corte de uñas,150.0,90,19/01/2024,9,5,1,no
492,Corte de pelo,100.0,50,15/11/2024,16,3,3,no
493,Corte de pelo,100.0,50,13/02/2024,15,7,1,si
494,Corte de uñas,150.0,90,09/05/2024,16,2,0,si
495,Limpieza dental,320.0,130,06/11/2024,12,2,1,no
496,Baño,250.0,120,25/02/2024,10,8,2,no
497,Limpieza dental,320.0,130,03/10/2024,16,6,1,no
498,Corte de uñas,150.0,90,18/01/2024,12,5,3,no
499,Tratamiento de sarna,400.0,180,16/04/2024,16,2,0,si
500,Baño,250.0,120,04/10/2024,15,6,4,no
501,Baño,250.0,120,22/04/2024,9,8,0,si
502,Corte de uñas,150.0,90,17/12/2024,15,9,0,si
503,Corte de uñas,150.0,90,19/01/2024,12,3,2,si
504,Tratamiento de sarna,400.0,180,30/09/2024,16,5,0,si
505,Limpieza dental,320.0,130,06/03/2024,12,8,1,no
506,Tratamiento de sarna,400.0,180,25/06/2024,15,3,3,si
507,Corte de uñas,150.0,90,23/05/2024,16,9,0,si
508,Tratamiento de sarna,400.0,180,19/03/2024,10,3,0,si
509,Corte de uñas,150.0,90,08/05/2024,15,2,1,si
510,Baño,250.0,120,24/03/2024,10,9,0,no
511,Tratamiento de sarna,400.0,180,18/01/2024,14,8,4,si
512,Corte de pelo,100.0,50,27/02/2024,15,2,0,si
513,Baño,250.0,120,25/06/2024,16,4,0,si
514,Corte de pelo,100.0,50,05/12/2024,9,6,0,si
515,Corte de uñas,150.0,90,14/06/2024,16,9,4,si
516,Corte de pelo,100.0,50,26/09/2024,14,2,2,no
517,Limpieza dental,320.0,130,27/01/2024,15,4,4,no
518,Corte de uñas,150.0,90,29/01/2024,14,2,2,si
519,Corte de pelo,100.0,50,20/11/2024,15,3,0,no
520,Corte de uñas,150.0,90,16/06/2024,12,8,1,si
521,Limpieza dental,320.0,130,20/08/2024,16,6,3,no
522,Corte de pelo,100.0,50,15/04/2024,11,9,3,si
523,Corte de pelo,100.0,50,19/07/2024,12,6,0,si
524,Baño,250.0,120,26/01/2024,16,4,2,si
525,Corte de pelo,100.0,50,01/03/2024,9,3,3,si
526,Corte de pelo,100.0,50,28/01/2024,11,6,4,si
527,Corte de uñas,150.0,90,05/11/2024,14,5,2,si
528,Limpieza dental,320.0,130,07/06/2024,12,9,1,si
529,Tratamiento de sarna,400.0,180,21/02/2024,10,2,2,si
530,Limpieza dental,320.0,130,13/08/2024,9,1,1,si
531,Limpieza dental,320.0,130,04/11/2024,12,9,2,no
532,Corte de pelo,100.0,50,19/04/2024,10,9,3,no
533,Tratamiento de sarna,400.0,180,14/03/2024,9,5,4,no
534,Tratamiento de sarna,400.0,180,20/04/2024,15,1,1,no
535,Limpieza dental,320.0,130,18/03/2024,11,5,1,si
536,Corte de uñas,150.0,90,02/04/2024,11,3,2,no
537,Tratamiento de sarna,400.0,180,19/08/2024,9,8,4,si
538,Tratamiento de sarna,400.0,180,13/08/2024,16,5,0,no
539,Limpieza dental,320.0,130,16/02/2024,14,5,1,no
540,Baño,250.0,120,28/05/2024,10,6,4,si
541,Tratamiento de sarna,400.0,180,08/07/2024,11,7,0,no
542,Limpieza dental,320.0,130,03/11/2024,14,4,1,no
543,Baño,250.0,120,08/08/2024,9,8,4,si
544,Limpieza dental,320.0,130,31/01/2024,12,1,1,no
545,Limpieza dental,320.0,130,14/01/2024,16,5,3,no
546,Corte de uñas,150.0,90,17/07/2024,9,5,4,no
547,Corte de pelo,100.0,50,02/05/2024,16,6,2,no
548,Baño,250.0,120,25/05/2024,9,9,2,si
549,Corte de pelo,100.0,50,17/11/2024,9,6,0,no
550,Baño,250.0,120,14/12/2024,10,7,3,no
551,Baño,250.0,120,28/06/2024,13,2,0,no
552,Tratamiento de sarna,400.0,180,06/02/2024,14,5,2,no
553,Corte de uñas,150.0,90,19/11/2024,16,6,4,no
554,Corte de uñas,150.0,90,25/03/2024,15,4,3,no
555,Limpieza dental,320.0,130,17/07/2024,12,7,1,no
556,Corte de pelo,100.0,50,13/09/2024,10,9,1,no
557,Limpieza dental,320.0,130,05/03/2024,9,8,4,no
558,Corte de uñas,150.0,90,17/11/2024,12,5,2,si
559,Limpieza dental,320.0,130,20/10/2024,10,8,0,si
560,Corte de uñas,150.0,90,15/12/2024,16,9,2,no
561,Corte de uñas,150.0,90,09/10/2024,11,2,2,no
562,Baño,250.0,120,15/06/2024,15,5,2,no
563,Limpieza dental,320.0,130,18/06/2024,12,6,0,si
564,Baño,250.0,120,11/12/2024,15,6,0,no
565,Limpieza dental,320.0,130,28/09/2024,14,4,3,si
566,Corte de uñas,150.0,90,15/06/2024,13,9,3,no
567,Corte de uñas,150.0,90,07/10/2024,13,4,3,no
568,Tratamiento de sarna,400.0,180,14/02/2024,12,6,2,no
569,Baño,250.0,120,05/10/2024,12,4,1,si
570,Corte de pelo,100.0,50,23/05/2024,14,5,2,si
571,Limpieza dental,320.0,130,16/07/2024,9,7,0,si
572,Corte de pelo,100.0,50,30/10/2024,9,2,2,no
573,Tratamiento de sarna,400.0,180,15/11/2024,14,8,4,no
574,Corte de uñas,150.0,90,11/09/2024,15,7,1,no
575,Baño,250.0,120,26/11/2024,9,6,2,no
576,Corte de pelo,100.0,50,12/01/2024,12,3,1,no
577,Baño,250.0,120,28/06/2024,15,4,4,si
578,Corte de uñas,150.0,90,23/07/2024,13,6,3,si
579,Baño,250.0,120,15/01/2024,15,9,3,si
580,Baño,250.0,120,12/07/2024,11,4,0,si
581,Limpieza dental,320.0,130,21/01/2024,13,2,2,no
582,Corte de pelo,100.0,50,24/07/2024,9,7,0,no
583,Tratamiento de sarna,400.0,180,30/08/2024,10,8,1,si
584,Baño,250.0,120,03/02/2024,16,9,4,no
585,Baño,250.0,120,26/02/2024,13,2,2,no
586,Tratamiento de sarna,400.0,180,30/06/2024,9,8,0,no
587,Corte de pelo,100.0,50,25/01/2024,16,4,0,si
588,Corte de uñas,150.0,90,01/07/2024,14,8,1,si
589,Limpieza dental,320.0,130,25/05/2024,15,5,3,si
590,Tratamiento de sarna,400.0,180,15/11/2024,12,2,2,no
591,Baño,250.0,120,07/05/2024,14,2,0,no
592,Corte de uñas,150.0,90,19/05/2024,11,9,4,si
593,Limpieza dental,320.0,130,23/08/2024,16,3,3,si
594,Tratamiento de sarna,400.0,180,31/03/2024,10,1,1,no
595,Baño,250.0,120,15/02/2024,13,9,3,si
596,Corte de pelo,100.0,50,28/12/2024,9,6,3,no
597,Tratamiento de sarna,400.0,180,26/05/2024,15,6,2,si
598,Baño,250.0,120,14/10/2024,13,4,1,si
599,Corte de uñas,150.0,90,13/09/2024,11,1,1,no
600,Tratamiento de sarna,400.0,180,31/05/2024,10,2,2,si
601,Limpieza dental,320.0,130,06/05/2024,13,8,4,no
602,Corte de pelo,100.0,50,20/08/2024,11,5,0,si
603,Tratamiento de sarna,400.0,180,24/01/2024,16,5,1,si
604,Tratamiento de sarna,400.0,180,29/08/2024,10,5,1,no
605,Corte de pelo,100.0,50,28/12/2024,13,5,0,si
606,Corte de uñas,150.0,90,25/12/2024,9,6,0,no
607,Limpieza dental,320.0,130,20/11/2024,11,7,4,no
608,Baño,250.0,120,09/09/2024,16,9,2,no
609,Corte de uñas,150.0,90,09/10/2024,9,5,4,si
610,Baño,250.0,120,26/10/2024,11,5,4,no
611,Limpieza dental,320.0,130,26/12/2024,9,8,3,no
612,Corte de uñas,150.0,90,16/11/2024,14,8,4,si
613,Tratamiento de sarna,400.0,180,30/06/2024,9,5,1,si
614,Corte de uñas,150.0,90,29/03/2024,15,6,2,si
615,Baño,250.0,120,21/07/2024,15,8,0,si
616,Tratamiento de sarna,400.0,180,11/10/2024,15,5,1,si
617,Corte de pelo,100.0,50,11/06/2024,16,6,0,no
618,Corte de uñas,150.0,90,21/07/2024,16,2,2,si
619,Corte de uñas,150.0,90,18/11/2024,14,5,4,si
620,Tratamiento de sarna,400.0,180,01/06/2024,13,1,1,si
621,Corte de uñas,150.0,90,08/04/2024,16,2,0,no
622,Tratamiento de sarna,400.0,180,07/12/2024,13,4,4,no
623,Corte de pelo,100.0,50,03/11/2024,9,3,3,si
624,Corte de uñas,150.0,90,02/12/2024,15,1,1,no
625,Baño,250.0,120,17/04/2024,11,8,0,si
626,Corte de uñas,150.0,90,23/11/2024,13,3,2,no
627,Tratamiento de sarna,400.0,180,14/12/2024,15,1,1,no
628,Tratamiento de sarna,400.0,180,27/01/2024,13,2,1,si
629,Baño,250.0,120,18/04/2024,9,9,1,no
630,Baño,250.0,120,23/05/2024,11,2,1,no
631,Tratamiento de sarna,400.0,180,08/02/2024,16,2,0,no
632,Tratamiento de sarna,400.0,180,31/01/2024,9,6,1,si
633,Corte de uñas,150.0,90,29/11/2024,12,7,1,si
634,Tratamiento de sarna,400.0,180,02/10/2024,16,7,4,si
635,Baño,250.0,120,22/10/2024,15,9,4,no
636,Corte de uñas,150.0,90,03/04/2024,16,2,2,no
637,Tratamiento de sarna,400.0,180,01/10/2024,16,6,0,no
638,Corte de pelo,100.0,50,19/11/2024,16,6,1,no
639,Baño,250.0,120,07/04/2024,16,7,3,si
640,Corte de pelo,100.0,50,07/12/2024,9,1,1,si
641,Corte de uñas,150.0,90,04/05/2024,15,4,4,no
642,Baño,250.0,120,22/07/2024,11,8,1,si
643,Corte de uñas,150.0,90,05/06/2024,15,3,3,no
644,Limpieza dental,320.0,130,24/08/2024,13,1,1,si
645,Baño,250.0,120,20/02/2024,13,8,0,si
646,Corte de uñas,150.0,90,27/06/2024,10,8,2,si
647,Corte de pelo,100.0,50,19/08/2024,9,7,2,si
648,Corte de uñas,150.0,90,07/07/2024,13,8,1,no
649,Tratamiento de sarna,400.0,180,26/12/2024,12,1,1,si
650,Tratamiento de sarna,400.0,180,15/12/2024,13,7,1,si
651,Corte de pelo,100.0,50,16/07/2024,14,1,1,no
652,Corte de uñas,150.0,90,18/12/2024,14,3,2,no
653,Baño,250.0,120,28/07/2024,12,7,1,no
654,Corte de pelo,100.0,50,22/02/2024,13,9,1,no
655,Corte de uñas,150.0,90,02/09/2024,13,9,4,si
656,Limpieza dental,320.0,130,10/05/2024,11,7,1,si
657,Tratamiento de sarna,400.0,180,20/03/2024,13,4,4,si
658,Corte de pelo,100.0,50,18/01/2024,12,3,0,no
659,Corte de uñas,150.0,90,12/03/2024,11,4,3,si
660,Limpieza dental,320.0,130,01/12/2024,13,2,1,si
661,Tratamiento de sarna,400.0,180,24/09/2024,11,5,4,si
662,Limpieza dental,320.0,130,04/12/2024,14,1,1,no
663,Corte de pelo,100.0,50,26/04/2024,16,9,1,no
664,Corte de uñas,150.0,90,30/08/2024,14,3,2,si
665,Limpieza dental,320.0,130,23/03/2024,13,7,2,si
666,Limpieza dental,320.0,130,05/02/2024,10,8,1,si
667,Limpieza dental,320.0,130,21/05/2024,14,8,1,si
668,Baño,250.0,120,31/05/2024,11,9,2,si
669,Limpieza dental,320.0,130,20/11/2024,16,1,1,no
670,Corte de uñas,150.0,90,16/05/2024,12,3,1,no
671,Corte de uñas,150.0,90,06/03/2024,10,2,2,no
672,Corte de uñas,150.0,90,21/05/2024,13,7,4,no
673,Tratamiento de sarna,400.0,180,30/09/2024,13,4,0,no
674,Limpieza dental,320.0,130,31/08/2024,10,7,1,si
675,Corte de pelo,100.0,50,05/11/2024,9,8,2,si
676,Tratamiento de sarna,400.0,180,10/10/2024,10,5,1,si
677,Baño,250.0,120,17/09/2024,12,1,1,no
678,Corte de uñas,150.0,90,17/10/2024,13,9,4,no
679,Baño,250.0,120,26/06/2024,11,3,0,si
680,Tratamiento de sarna,400.0,180,06/12/2024,14,4,1,si
681,Baño,250.0,120,01/10/2024,9,3,0,no
682,Tratamiento de sarna,400.0,180,23/02/2024,11,9,2,si
683,Baño,250.0,120,04/09/2024,16,1,1,no
684,Corte de uñas,150.0,90,09/12/2024,10,7,3,no
685,Limpieza dental,320.0,130,31/09/2024,13,7,4,no
686,Corte de uñas,150.0,90,29/07/2024,12,6,2,si
687,Corte de uñas,150.0,90,10/01/2024,10,8,1,no
688,Corte de uñas,150.0,90,11/01/2024,15,4,1,no
689,Limpieza dental,320.0,130,07/03/2024,10,7,2,no
690,Corte de uñas,150.0,90,29/04/2024,16,9,3,no
691,Tratamiento de sarna,400.0,180,13/03/2024,11,6,4,no
692,Baño,250.0,120,12/02/2024,11,3,3,si
693,Limpieza dental,320.0,130,03/12/2024,16,9,0,si
694,Corte de pelo,100.0,50,28/10/2024,13,2,2,si
695,Tratamiento de sarna,400.0,180,18/06/2024,15,5,4,si
696,Limpieza dental,320.0,130,08/07/2024,11,1,1,si
697,Baño,250.0,120,08/02/2024,9,5,4,si
698,Limpieza dental,320.0,130,07/11/2024,15,8,4,si
699,Tratamiento de sarna,400.0,180,24/12/2024,13,1,1,no
700,Tratamiento de sarna,400.0,180,27/09/2024,16,2,2,no
701,Corte de pelo,100.0,50,06/12/2024,12,5,3,si
702,Corte de uñas,150.0,90,10/08/2024,9,1,1,si
703,Baño,250.0,120,25/12/2024,15,1,1,no
704,Tratamiento de sarna,400.0,180,13/08/2024,10,1,1,no
705,Tratamiento de sarna,400.0,180,09/04/2024,15,4,4,no
706,Baño,250.0,120,02/05/2024,14,9,0,no
707,Tratamiento de sarna,400.0,180,28/10/2024,11,7,0,no
708,Corte de pelo,100.0,50,15/07/2024,12,3,3,no
709,Corte de pelo,100.0,50,14/10/2024,13,1,0,si
710,Corte de uñas,150.0,90,16/07/2024,11,7,3,no
711,Limpieza dental,320.0,130,05/05/2024,9,6,0,si
712,Baño,250.0,120,23/12/2024,10,7,0,si
713,Corte de pelo,100.0,50,21/02/2024,15,2,1,si
714,Corte de pelo,100.0,50,03/03/2024,10,5,3,no
715,Corte de pelo,100.0,50,08/01/2024,11,5,4,si
716,Corte de pelo,100.0,50,14/01/2024,13,3,0,no
717,Corte de uñas,150.0,90,09/11/2024,13,3,3,si
718,Tratamiento de sarna,400.0,180,06/08/2024,11,5,4,si
719,Corte de pelo,100.0,50,08/07/2024,14,4,0,si
720,Corte de uñas,150.0,90,16/03/2024,15,4,2,si
721,Limpieza dental,320.0,130,16/11/2024,11,7,4,no
722,Tratamiento de sarna,400.0,180,10/12/2024,11,1,0,no
723,Limpieza dental,320.0,130,26/10/2024,14,9,0,si
724,Tratamiento de sarna,400.0,180,23/11/2024,12,6,4,si
725,Tratamiento de sarna,400.0,180,26/09/2024,11,6,3,no
726,Tratamiento de sarna,400.0,180,26/09/2024,12,3,1,si
727,Corte de uñas,150.0,90,20/03/2024,9,1,0,no
728,Baño,250.0,120,31/02/2024,11,5,3,no
729,Limpieza dental,320.0,130,30/11/2024,11,1,1,no
730,Tratamiento de sarna,400.0,180,10/03/2024,13,6,4,si
731,Tratamiento de sarna,400.0,180,12/12/2024,16,3,3,si
732,Corte de pelo,100.0,50,30/08/2024,11,4,3,no
733,Corte de pelo,100.0,50,04/07/2024,14,3,3,no
734,Corte de uñas,150.0,90,27/07/2024,12,9,1,no
735,Tratamiento de sarna,400.0,180,08/03/2024,16,1,1,no
736,Limpieza dental,320.0,130,19/12/2024,15,7,2,si
737,Limpieza dental,320.0,130,09/02/2024,14,1,0,si
738,Corte de pelo,100.0,50,02/06/2024,12,2,1,no
739,Corte de pelo,100.0,50,04/07/2024,11,4,1,no
740,Baño,250.0,120,19/10/2024,12,6,1,si
741,Tratamiento de sarna,400.0,180,18/10/2024,15,2,1,si
742,Tratamiento de sarna,400.0,180,15/04/2024,11,3,2,no
743,Corte de pelo,100.0,50,24/10/2024,14,1,1,si
744,Corte de pelo,100.0,50,11/12/2024,9,6,4,no
745,Corte de pelo,100.0,50,11/05/2024,16,7,4,no
746,Baño,250.0,120,25/12/2024,12,2,2,si
747,Baño,250.0,120,12/03/2024,12,3,0,si
748,Baño,250.0,120,28/02/2024,12,7,2,no
749,Tratamiento de sarna,400.0,180,14/07/2024,16,7,2,si
750,Baño,250.0,120,15/01/2024,12,8,1,no
751,Tratamiento de sarna,400.0,180,24/03/2024,11,1,1,si
752,Corte de pelo,100.0,50,06/07/2024,11,6,1,no
753,Tratamiento de sarna,400.0,180,24/04/2024,15,5,4,no
754,Limpieza dental,320.0,130,11/08/2024,9,8,4,si
755,Corte de uñas,150.0,90,08/06/2024,16,5,3,si
756,Corte de pelo,100.0,50,18/11/2024,11,7,4,no
757,Limpieza dental,320.0,130,06/11/2024,14,7,2,no
758,Corte de uñas,150.0,90,07/03/2024,16,9,1,si
759,Limpieza dental,320.0,130,12/07/2024,12,7,2,si
760,Corte de uñas,150.0,90,22/07/2024,9,1,1,no
761,Corte de uñas,150.0,90,25/11/2024,10,3,3,si
762,Baño,250.0,120,12/12/2024,14,1,1,si
763,Limpieza dental,320.0,130,25/02/2024,13,1,0,si
764,Limpieza dental,320.0,130,18/10/2024,9,9,0,no
765,Corte de pelo,100.0,50,22/11/2024,15,5,3,no
766,Tratamiento de sarna,400.0,180,31/01/2024,13,1,1,si
767,Limpieza dental,320.0,130,19/02/2024,12,2,1,no
768,Limpieza dental,320.0,130,26/04/2024,10,1,0,si
769,Corte de pelo,100.0,50,30/04/2024,15,9,0,no
770,Corte de pelo,100.0,50,06/02/2024,13,6,2,si
771,Baño,250.0,120,18/12/2024,14,3,3,si
772,Tratamiento de sarna,400.0,180,09/04/2024,9,9,4,si
773,Tratamiento de sarna,400.0,180,18/05/2024,11,1,1,si
774,Baño,250.0,120,11/04/2024,16,6,3,no
775,Corte de pelo,100.0,50,08/10/2024,14,1,1,no
776,Corte de pelo,100.0,50,12/10/2024,13,9,3,no
777,Corte de pelo,100.0,50,25/06/2024,11,6,4,no
778,Limpieza dental,320.0,130,22/07/2024,16,7,3,si
779,Tratamiento de sarna,400.0,180,15/09/2024,13,5,3,si
780,Tratamiento de sarna,400.0,180,01/11/2024,16,5,2,si
781,Corte de uñas,150.0,90,02/10/2024,12,3,3,si
782,Corte de uñas,150.0,90,26/12/2024,11,5,4,no
783,Limpieza dental,320.0,130,22/06/2024,10,1,0,no
784,Limpieza dental,320.0,130,02/06/2024,14,9,0,si
785,Tratamiento de sarna,400.0,180,05/09/2024,9,2,1,no
786,Corte de uñas,150.0,90,27/05/2024,10,8,1,no
787,Baño,250.0,120,26/06/2024,13,5,4,no
788,Corte de pelo,100.0,50,13/01/2024,13,2,2,no
789,Tratamiento de sarna,400.0,180,09/04/2024,10,1,0,si
790,Baño,250.0,120,19/02/2024,13,6,1,si
791,Limpieza dental,320.0,130,13/07/2024,12,2,2,si
792,Corte de pelo,100.0,50,25/09/2024,9,9,3,si
793,Limpieza dental,320.0,130,20/07/2024,14,2,2,no
794,Corte de uñas,150.0,90,04/04/2024,12,7,3,si
795,Baño,250.0,120,11/05/2024,11,1,0,si
796,Corte de pelo,100.0,50,08/06/2024,9,1,1,si
797,Corte de pelo,100.0,50,21/09/2024,9,3,0,si
798,Limpieza dental,320.0,130,29/12/2024,13,1,1,no
799,Tratamiento de sarna,400.0,180,15/03/2024,14,8,3,no
800,Baño,250.0,120,09/10/2024,16,3,2,no
801,Corte de pelo,100.0,50,15/04/2024,11,8,0,no
802,Corte de pelo,100.0,50,04/03/2024,14,6,0,no
803,Corte de uñas,150.0,90,04/10/2024,10,5,0,si
804,Baño,250.0,120,18/02/2024,14,1,1,no
805,Baño,250.0,120,24/02/2024,11,8,0,no
806,Corte de pelo,100.0,50,30/11/2024,10,9,1,no
807,Baño,250.0,120,22/09/2024,14,2,2,no
808,Baño,250.0,120,22/11/2024,14,4,4,si
809,Corte de pelo,100.0,50,13/07/2024,11,3,2,si
810,Corte de pelo,100.0,50,14/11/2024,15,3,2,no
811,Limpieza dental,320.0,130,08/04/2024,11,6,1,si
812,Limpieza dental,320.0,130,27/12/2024,15,8,3,si
813,Limpieza dental,320.0,130,16/03/2024,10,2,1,no
814,Limpieza dental,320.0,130,15/03/2024,15,6,3,no
815,Baño,250.0,120,08/05/2024,12,4,2,si
816,Corte de uñas,150.0,90,31/11/2024,16,6,1,si
817,Corte de pelo,100.0,50,20/08/2024,13,7,2,si
818,Corte de pelo,100.0,50,11/03/2024,14,4,3,no
819,Tratamiento de sarna,400.0,180,14/05/2024,13,7,1,no
820,Corte de uñas,150.0,90,19/05/2024,15,8,1,si
821,Corte de uñas,150.0,90,02/10/2024,13,6,4,no
822,Corte de pelo,100.0,50,12/12/2024,10,7,4,si
823,Corte de uñas,150.0,90,19/02/2024,14,6,3,no
824,Tratamiento de sarna,400.0,180,15/06/2024,16,8,3,no
825,Baño,250.0,120,28/04/2024,14,6,1,si
826,Limpieza dental,320.0,130,26/08/2024,13,4,4,si
827,Tratamiento de sarna,400.0,180,06/05/2024,14,4,3,si
828,Limpieza dental,320.0,130,25/11/2024,14,5,1,si
829,Corte de pelo,100.0,50,25/03/2024,9,1,1,si
830,Baño,250.0,120,09/12/2024,11,2,0,si
831,Tratamiento de sarna,400.0,180,19/01/2024,10,4,4,si
832,Corte de uñas,150.0,90,03/12/2024,15,4,3,no
833,Baño,250.0,120,27/10/2024,15,4,2,no
834,Tratamiento de sarna,400.0,180,12/03/2024,10,9,1,no
835,Baño,250.0,120,13/03/2024,9,9,1,si
836,Corte de pelo,100.0,50,12/10/2024,11,4,4,si
837,Corte de uñas,150.0,90,09/07/2024,16,9,4,si
838,Limpieza dental,320.0,130,05/09/2024,13,5,1,no
839,Limpieza dental,320.0,130,31/10/2024,10,1,1,no
840,Limpieza dental,320.0,130,18/02/2024,10,7,4,si
841,Tratamiento de sarna,400.0,180,13/02/2024,10,9,4,si
842,Baño,250.0,120,18/02/2024,10,7,1,si
843,Corte de uñas,150.0,90,11/01/2024,10,4,1,si
844,Corte de uñas,150.0,90,17/02/2024,16,9,3,no
845,Tratamiento de sarna,400.0,180,11/08/2024,10,3,1,no
846,Corte de uñas,150.0,90,12/01/2024,9,9,0,si
847,Corte de uñas,150.0,90,30/07/2024,10,9,3,no
848,Baño,250.0,120,03/12/2024,12,9,2,no
849,Baño,250.0,120,11/06/2024,11,3,3,si
850,Baño,250.0,120,13/10/2024,11,6,0,no
851,Tratamiento de sarna,400.0,180,18/09/2024,14,7,2,si
852,Tratamiento de sarna,400.0,180,08/06/2024,16,6,3,no
853,Tratamiento de sarna,400.0,180,17/07/2024,13,9,1,no
854,Corte de uñas,150.0,90,11/09/2024,14,6,2,si
855,Limpieza dental,320.0,130,03/02/2024,10,9,4,si
856,Corte de uñas,150.0,90,26/05/2024,14,3,1,no
857,Baño,250.0,120,16/06/2024,10,1,1,no
858,Limpieza dental,320.0,130,12/10/2024,9,3,1,no
859,Corte de pelo,100.0,50,15/01/2024,12,1,1,no
860,Limpieza dental,320.0,130,20/06/2024,16,3,1,no
861,Baño,250.0,120,21/07/2024,15,1,1,si
862,Baño,250.0,120,10/10/2024,11,9,1,no
863,Baño,250.0,120,27/02/2024,15,1,1,si
864,Baño,250.0,120,28/02/2024,15,5,3,si
865,Corte de pelo,100.0,50,04/04/2024,11,5,0,no
866,Limpieza dental,320.0,130,17/02/2024,15,4,4,no
867,Corte de pelo,100.0,50,01/11/2024,13,6,1,si
868,Corte de uñas,150.0,90,14/07/2024,10,3,3,si
869,Limpieza dental,320.0,130,07/11/2024,9,5,2,no
870,Corte de uñas,150.0,90,05/01/2024,13,1,1,si
871,Corte de uñas,150.0,90,04/08/2024,13,6,1,no
872,Corte de uñas,150.0,90,20/12/2024,16,6,2,si
873,Baño,250.0,120,18/07/2024,13,8,2,no
874,Limpieza dental,320.0,130,17/12/2024,16,8,4,no
875,Tratamiento de sarna,400.0,180,31/05/2024,9,2,2,si
876,Limpieza dental,320.0,130,08/10/2024,9,3,1,no
877,Baño,250.0,120,25/03/2024,16,9,2,no
878,Limpieza dental,320.0,130,12/04/2024,10,8,2,si
879,Baño,250.0,120,23/11/2024,9,9,4,no
880,Limpieza dental,320.0,130,29/07/2024,13,2,1,si
881,Limpieza dental,320.0,130,28/07/2024,15,4,0,no
882,Corte de uñas,150.0,90,03/03/2024,15,3,3,no
883,Corte de pelo,100.0,50,09/02/2024,10,9,0,no
884,Limpieza dental,320.0,130,09/11/2024,16,8,0,no
885,Tratamiento de sarna,400.0,180,26/08/2024,13,2,1,no
886,Corte de pelo,100.0,50,07/09/2024,15,7,1,si
887,Tratamiento de sarna,400.0,180,21/09/2024,13,1,1,no
888,Limpieza dental,320.0,130,02/12/2024,11,9,3,si
889,Baño,250.0,120,25/12/2024,16,5,4,si
890,Limpieza dental,320.0,130,22/05/2024,16,7,1,si
891,Corte de uñas,150.0,90,05/03/2024,15,7,1,si
892,Baño,250.0,120,20/12/2024,15,2,2,si
893,Tratamiento de sarna,400.0,180,12/10/2024,15,4,3,no
894,Limpieza dental,320.0,130,06/12/2024,9,1,1,no
895,Limpieza dental,320.0,130,08/09/2024,16,8,3,si
896,Baño,250.0,120,23/11/2024,14,2,2,si
897,Limpieza dental,320.0,130,29/01/2024,11,8,2,no
898,Corte de pelo,100.0,50,11/12/2024,11,2,0,no
899,Tratamiento de sarna,400.0,180,28/04/2024,14,6,1,no
900,Limpieza dental,320.0,130,23/01/2024,13,6,0,si
901,Limpieza dental,320.0,130,10/06/2024,15,7,0,no
902,Baño,250.0,120,20/08/2024,14,8,0,si
903,Corte de uñas,150.0,90,20/08/2024,9,8,2,si
904,Tratamiento de sarna,400.0,180,19/05/2024,13,9,4,no
905,Corte de pelo,100.0,50,24/12/2024,16,5,3,no
906,Corte de pelo,100.0,50,20/09/2024,12,6,0,si
907,Baño,250.0,120,26/03/2024,13,9,4,no
908,Corte de pelo,100.0,50,26/12/2024,13,7,2,si
909,Corte de uñas,150.0,90,06/10/2024,9,9,4,no
910,Limpieza dental,320.0,130,26/06/2024,15,6,2,no
911,Tratamiento de sarna,400.0,180,14/02/2024,15,9,3,no
912,Limpieza dental,320.0,130,16/08/2024,13,9,1,no
913,Baño,250.0,120,25/08/2024,14,5,1,no
914,Limpieza dental,320.0,130,20/02/2024,13,6,3,no
915,Corte de uñas,150.0,90,28/06/2024,11,3,2,no
916,Corte de pelo,100.0,50,13/01/2024,14,2,1,si
917,Tratamiento de sarna,400.0,180,27/08/2024,15,2,0,no
918,Corte de uñas,150.0,90,25/09/2024,15,8,2,si
919,Baño,250.0,120,22/05/2024,14,8,1,no
920,Tratamiento de sarna,400.0,180,12/06/2024,13,1,1,no
921,Limpieza dental,320.0,130,26/03/2024,9,7,0,si
922,Baño,250.0,120,01/01/2024,11,4,3,si
923,Limpieza dental,320.0,130,31/09/2024,14,3,1,no
924,Corte de uñas,150.0,90,15/07/2024,10,2,0,si
925,Corte de uñas,150.0,90,08/12/2024,15,2,2,si
926,Baño,250.0,120,01/06/2024,14,1,1,si
927,Corte de pelo,100.0,50,30/04/2024,15,8,2,si
928,Baño,250.0,120,02/09/2024,10,8,3,no
929,Corte de pelo,100.0,50,23/11/2024,13,1,1,no
930,Baño,250.0,120,16/10/2024,11,4,1,no
931,Baño,250.0,120,29/01/2024,12,7,0,no
932,Tratamiento de sarna,400.0,180,14/11/2024,14,5,1,no
933,Corte de pelo,100.0,50,23/08/2024,10,9,3,si
934,Corte de pelo,100.0,50,12/03/2024,16,2,0,si
935,Corte de uñas,150.0,90,27/11/2024,14,5,4,no
936,Limpieza dental,320.0,130,16/09/2024,11,6,4,no
937,Corte de uñas,150.0,90,05/08/2024,14,5,4,no
938,Corte de pelo,100.0,50,11/07/2024,10,3,0,si
939,Tratamiento de sarna,400.0,180,22/01/2024,14,7,3,no
940,Corte de pelo,100.0,50,08/06/2024,16,4,0,si
941,Limpieza dental,320.0,130,11/03/2024,11,3,2,si
942,Limpieza dental,320.0,130,12/11/2024,15,3,0,si
943,Baño,250.0,120,31/07/2024,16,4,1,si
944,Tratamiento de sarna,400.0,180,23/09/2024,16,1,1,si
945,Corte de uñas,150.0,90,01/05/2024,13,1,0,no
946,Tratamiento de sarna,400.0,180,18/01/2024,15,7,2,si
947,Baño,250.0,120,27/04/2024,11,5,1,no
948,Corte de pelo,100.0,50,13/11/2024,11,4,3,si
949,Limpieza dental,320.0,130,28/05/2024,9,1,0,no
950,Corte de pelo,100.0,50,12/02/2024,13,1,1,si
951,Corte de pelo,100.0,50,23/09/2024,14,9,1,si
952,Baño,250.0,120,30/03/2024,16,9,0,si
953,Corte de uñas,150.0,90,16/09/2024,12,3,1,si
954,Corte de pelo,100.0,50,23/10/2024,15,5,1,si
955,Limpieza dental,320.0,130,21/09/2024,14,5,1,si
956,Limpieza dental,320.0,130,03/08/2024,14,9,2,si
957,Corte de uñas,150.0,90,03/10/2024,10,6,0,no
958,Corte de uñas,150.0,90,11/04/2024,11,9,1,no
959,Baño,250.0,120,05/07/2024,11,3,0,no
960,Tratamiento de sarna,400.0,180,27/04/2024,13,7,1,si
961,Limpieza dental,320.0,130,31/08/2024,16,7,4,no
962,Corte de pelo,100.0,50,05/08/2024,9,1,0,si
963,Baño,250.0,120,20/03/2024,14,2,0,no
964,Corte de uñas,150.0,90,13/08/2024,10,6,4,si
965,Corte de pelo,100.0,50,18/12/2024,12,4,0,si
966,Tratamiento de sarna,400.0,180,17/09/2024,11,4,1,si
967,Corte de uñas,150.0,90,16/05/2024,9,5,2,no
968,Tratamiento de sarna,400.0,180,07/04/2024,16,2,0,si
969,Tratamiento de sarna,400.0,180,07/11/2024,10,3,3,si
970,Limpieza dental,320.0,130,17/01/2024,10,5,2,si
971,Limpieza dental,320.0,130,10/03/2024,12,9,0,no
972,Tratamiento de sarna,400.0,180,29/11/2024,13,2,1,no
973,Limpieza dental,320.0,130,14/06/2024,15,4,3,no
974,Corte de uñas,150.0,90,25/05/2024,14,1,1,si
975,Tratamiento de sarna,400.0,180,10/03/2024,15,8,2,si
976,Tratamiento de sarna,400.0,180,22/08/2024,10,9,4,si
977,Baño,250.0,120,03/11/2024,15,3,0,si
978,Baño,250.0,120,10/04/2024,10,2,2,si
979,Baño,250.0,120,15/08/2024,14,7,3,no
980,Baño,250.0,120,25/04/2024,12,9,0,si
981,Corte de pelo,100.0,50,05/02/2024,14,3,0,si
982,Baño,250.0,120,29/05/2024,11,9,4,no
983,Corte de uñas,150.0,90,21/06/2024,13,2,0,no
984,Corte de pelo,100.0,50,01/04/2024,16,8,3,si
985,Corte de uñas,150.0,90,11/03/2024,15,5,0,si
986,Baño,250.0,120,29/12/2024,12,5,1,si
987,Tratamiento de sarna,400.0,180,14/02/2024,11,3,3,no
988,Corte de pelo,100.0,50,12/12/2024,12,5,2,no
989,Tratamiento de sarna,400.0,180,03/11/2024,15,8,4,no
990,Corte de uñas,150.0,90,06/12/2024,14,4,3,no
991,Corte de uñas,150.0,90,08/04/2024,16,5,0,si
992,Corte de pelo,100.0,50,24/05/2024,14,8,4,no
993,Corte de uñas,150.0,90,31/05/2024,12,1,1,no
994,Corte de pelo,100.0,50,18/07/2024,16,5,2,si
995,Corte de uñas,150.0,90,04/10/2024,15,5,1,no
996,Tratamiento de sarna,400.0,180,16/10/2024,15,9,1,no
997,Limpieza dental,320.0,130,03/04/2024,14,8,0,si
998,Baño,250.0,120,17/08/2024,12,9,1,si
999,Baño,250.0,120,20/05/2024,9,6,4,si
1000,Limpieza dental,320.0,130,19/12/2024,14,7,0,no
